filename,line_total,line_covered,line_percent,branch_total,branch_covered,branch_percent,function_total,function_covered,function_percent
src/decompile/cpp/action.cc,523,268,0.512,412,157,0.381,64,35,0.547
src/decompile/cpp/action.hh,25,14,0.56,12,7,0.583,24,13,0.542
src/decompile/cpp/address.cc,460,277,0.602,344,160,0.465,47,32,0.6809999999999999
src/decompile/cpp/address.hh,138,115,0.833,52,32,0.615,54,51,0.9440000000000001
src/decompile/cpp/architecture.cc,835,406,0.486,992,249,0.251,63,33,0.524
src/decompile/cpp/architecture.hh,8,3,0.375,2,2,1.0,6,1,0.16699999999999998
src/decompile/cpp/block.cc,1900,1304,0.6859999999999999,1442,732,0.508,197,132,0.67
src/decompile/cpp/block.hh,177,141,0.797,4,4,1.0,166,136,0.8190000000000001
src/decompile/cpp/blockaction.cc,1368,1121,0.8190000000000001,1264,857,0.6779999999999999,83,70,0.843
src/decompile/cpp/blockaction.hh,41,39,0.951,56,33,0.589,27,26,0.963
src/decompile/cpp/capability.cc,13,13,1.0,8,6,0.75,3,3,1.0
src/decompile/cpp/capability.hh,1,1,1.0,0,0,,1,1,1.0
src/decompile/cpp/cast.cc,339,119,0.35100000000000003,393,80,0.204,16,12,0.75
src/decompile/cpp/cast.hh,3,2,0.667,0,0,,3,2,0.667
src/decompile/cpp/comment.cc,230,163,0.7090000000000001,247,101,0.409,22,18,0.818
src/decompile/cpp/comment.hh,27,27,1.0,4,4,1.0,16,16,1.0
src/decompile/cpp/comment_ghidra.cc,28,25,0.893,16,8,0.5,6,5,0.833
src/decompile/cpp/comment_ghidra.hh,10,4,0.4,12,0,0.0,5,2,0.4
src/decompile/cpp/condexe.cc,517,59,0.114,566,40,0.071,29,8,0.276
src/decompile/cpp/condexe.hh,10,8,0.8,16,8,0.5,6,4,0.667
src/decompile/cpp/context.cc,136,0,0.0,80,0,0.0,11,0,0.0
src/decompile/cpp/context.hh,72,0,0.0,16,0,0.0,55,0,0.0
src/decompile/cpp/coreaction.cc,3426,1863,0.544,5516,2224,0.40299999999999997,126,95,0.754
src/decompile/cpp/coreaction.hh,288,287,0.997,490,285,0.5820000000000001,155,155,1.0
src/decompile/cpp/cover.cc,292,231,0.7909999999999999,302,209,0.6920000000000001,22,18,0.818
src/decompile/cpp/cover.hh,18,18,1.0,6,5,0.833,15,15,1.0
src/decompile/cpp/cpool.cc,155,0,0.0,172,0,0.0,10,0,0.0
src/decompile/cpp/cpool.hh,20,2,0.1,8,0,0.0,18,2,0.111
src/decompile/cpp/cpool_ghidra.cc,28,3,0.107,41,0,0.0,5,1,0.2
src/decompile/cpp/cpool_ghidra.hh,2,1,0.5,0,0,,2,1,0.5
src/decompile/cpp/crc32.hh,2,0,0.0,0,0,,1,0,0.0
src/decompile/cpp/database.cc,1881,955,0.508,1982,610,0.308,170,111,0.653
src/decompile/cpp/database.hh,149,121,0.812,30,16,0.5329999999999999,90,69,0.767
src/decompile/cpp/database_ghidra.cc,182,120,0.659,204,81,0.397,18,13,0.722
src/decompile/cpp/database_ghidra.hh,43,4,0.09300000000000001,116,0,0.0,37,3,0.081
src/decompile/cpp/double.cc,2194,15,0.006999999999999999,1900,4,0.002,105,5,0.048
src/decompile/cpp/double.hh,20,12,0.6,28,15,0.536,14,6,0.429
src/decompile/cpp/dynamic.cc,403,0,0.0,311,0,0.0,27,0,0.0
src/decompile/cpp/dynamic.hh,6,0,0.0,0,0,,6,0,0.0
src/decompile/cpp/emulate.cc,249,13,0.052000000000000005,163,6,0.037000000000000005,34,1,0.028999999999999998
src/decompile/cpp/emulate.hh,16,2,0.125,0,0,,10,2,0.2
src/decompile/cpp/emulateutil.cc,186,33,0.177,212,4,0.019,34,5,0.147
src/decompile/cpp/emulateutil.hh,8,1,0.125,0,0,,8,1,0.125
src/decompile/cpp/error.hh,3,0,0.0,2,0,0.0,3,0,0.0
src/decompile/cpp/filemanage.cc,173,0,0.0,262,0,0.0,13,0,0.0
src/decompile/cpp/filemanage.hh,1,0,0.0,2,0,0.0,1,0,0.0
src/decompile/cpp/float.cc,313,25,0.08,198,3,0.015,37,2,0.054000000000000006
src/decompile/cpp/float.hh,3,0,0.0,0,0,,3,0,0.0
src/decompile/cpp/flow.cc,812,386,0.475,884,213,0.24100000000000002,45,26,0.578
src/decompile/cpp/flow.hh,16,12,0.75,2,1,0.5,15,11,0.733
src/decompile/cpp/fspec.cc,3249,1210,0.37200000000000005,3508,748,0.213,235,114,0.485
src/decompile/cpp/fspec.hh,287,177,0.617,62,13,0.21,245,157,0.6409999999999999
src/decompile/cpp/funcdata.cc,506,262,0.518,468,135,0.28800000000000003,34,19,0.5589999999999999
src/decompile/cpp/funcdata.hh,126,102,0.81,12,8,0.667,108,90,0.833
src/decompile/cpp/funcdata_block.cc,557,260,0.467,640,181,0.28300000000000003,33,20,0.606
src/decompile/cpp/funcdata_op.cc,691,319,0.462,604,147,0.243,47,33,0.7020000000000001
src/decompile/cpp/funcdata_varnode.cc,1130,574,0.508,1341,412,0.307,57,39,0.684
src/decompile/cpp/ghidra_arch.cc,511,266,0.521,790,156,0.19699999999999998,44,33,0.75
src/decompile/cpp/ghidra_arch.hh,11,8,0.727,2,0,0.0,10,8,0.8
src/decompile/cpp/ghidra_context.cc,15,12,0.8,8,4,0.5,3,2,0.667
src/decompile/cpp/ghidra_context.hh,28,2,0.071,52,0,0.0,15,2,0.133
src/decompile/cpp/ghidra_process.cc,297,215,0.7240000000000001,325,96,0.295,26,24,0.9229999999999999
src/decompile/cpp/ghidra_process.hh,6,6,1.0,2,1,0.5,4,4,1.0
src/decompile/cpp/ghidra_translate.cc,94,65,0.691,130,38,0.292,7,7,1.0
src/decompile/cpp/ghidra_translate.hh,7,1,0.14300000000000002,12,0,0.0,4,1,0.25
src/decompile/cpp/globalcontext.cc,304,12,0.039,298,2,0.006999999999999999,31,2,0.065
src/decompile/cpp/globalcontext.hh,24,1,0.042,6,0,0.0,18,1,0.055999999999999994
src/decompile/cpp/graph.cc,380,0,0.0,140,0,0.0,17,0,0.0
src/decompile/cpp/heritage.cc,1551,895,0.5770000000000001,1729,671,0.38799999999999996,72,51,0.708
src/decompile/cpp/heritage.hh,29,27,0.9309999999999999,4,4,1.0,22,20,0.909
src/decompile/cpp/inject_ghidra.cc,148,27,0.182,146,6,0.040999999999999995,18,5,0.278
src/decompile/cpp/inject_ghidra.hh,3,1,0.33299999999999996,2,1,0.5,3,1,0.33299999999999996
src/decompile/cpp/jumptable.cc,1600,768,0.48,1443,466,0.32299999999999995,127,69,0.5429999999999999
src/decompile/cpp/jumptable.hh,82,45,0.5489999999999999,2,1,0.5,76,43,0.5660000000000001
src/decompile/cpp/loadimage.cc,57,0,0.0,56,0,0.0,7,0,0.0
src/decompile/cpp/loadimage.hh,20,7,0.35,2,1,0.5,10,3,0.3
src/decompile/cpp/loadimage_ghidra.cc,15,7,0.467,10,2,0.2,6,2,0.33299999999999996
src/decompile/cpp/marshal.cc,664,481,0.7240000000000001,473,182,0.385,72,58,0.8059999999999999
src/decompile/cpp/marshal.hh,75,67,0.893,34,15,0.441,27,26,0.963
src/decompile/cpp/memstate.cc,337,0,0.0,200,0,0.0,29,0,0.0
src/decompile/cpp/memstate.hh,14,0,0.0,4,0,0.0,7,0,0.0
src/decompile/cpp/merge.cc,887,590,0.665,1102,507,0.46,47,41,0.872
src/decompile/cpp/merge.hh,20,18,0.9,8,6,0.75,6,6,1.0
src/decompile/cpp/modelrules.cc,563,63,0.11199999999999999,475,37,0.078,58,8,0.138
src/decompile/cpp/modelrules.hh,29,6,0.207,8,0,0.0,23,5,0.217
src/decompile/cpp/op.cc,734,377,0.514,610,212,0.348,51,33,0.647
src/decompile/cpp/op.hh,107,74,0.6920000000000001,16,3,0.188,100,73,0.73
src/decompile/cpp/opbehavior.cc,392,27,0.069,180,6,0.033,68,9,0.132
src/decompile/cpp/opbehavior.hh,71,70,0.986,0,0,,60,59,0.983
src/decompile/cpp/opcodes.cc,52,14,0.26899999999999996,18,4,0.222,3,1,0.33299999999999996
src/decompile/cpp/options.cc,523,118,0.226,858,163,0.19,46,12,0.261
src/decompile/cpp/options.hh,39,39,1.0,74,37,0.5,39,39,1.0
src/decompile/cpp/override.cc,201,64,0.318,284,40,0.141,21,9,0.429
src/decompile/cpp/override.hh,2,2,1.0,0,0,,2,2,1.0
src/decompile/cpp/paramid.cc,171,0,0.0,228,0,0.0,8,0,0.0
src/decompile/cpp/paramid.hh,4,0,0.0,2,0,0.0,3,0,0.0
src/decompile/cpp/partmap.hh,54,22,0.40700000000000003,36,10,0.278,25,4,0.16
src/decompile/cpp/pcodecompile.cc,470,0,0.0,704,0,0.0,33,0,0.0
src/decompile/cpp/pcodecompile.hh,16,0,0.0,2,0,0.0,15,0,0.0
src/decompile/cpp/pcodeinject.cc,186,18,0.09699999999999999,224,11,0.049,17,3,0.17600000000000002
src/decompile/cpp/pcodeinject.hh,19,7,0.368,6,1,0.16699999999999998,19,7,0.368
src/decompile/cpp/pcodeparse.cc,869,0,0.0,913,0,0.0,17,0,0.0
src/decompile/cpp/pcodeparse.hh,11,0,0.0,6,0,0.0,11,0,0.0
src/decompile/cpp/pcoderaw.cc,46,39,0.848,20,11,0.55,4,3,0.75
src/decompile/cpp/pcoderaw.hh,36,6,0.16699999999999998,8,3,0.375,14,2,0.14300000000000002
src/decompile/cpp/prefersplit.cc,431,15,0.035,289,3,0.01,26,4,0.154
src/decompile/cpp/prefersplit.hh,1,0,0.0,0,0,,1,0,0.0
src/decompile/cpp/prettyprint.cc,716,607,0.848,279,151,0.541,83,74,0.892
src/decompile/cpp/prettyprint.hh,211,125,0.5920000000000001,34,8,0.235,128,76,0.594
src/decompile/cpp/printc.cc,2047,876,0.428,2077,436,0.21,105,62,0.59
src/decompile/cpp/printc.hh,69,11,0.159,14,6,0.429,66,11,0.16699999999999998
src/decompile/cpp/printjava.cc,211,4,0.019,155,1,0.006,16,1,0.062
src/decompile/cpp/printjava.hh,1,0,0.0,0,0,,1,0,0.0
src/decompile/cpp/printlanguage.cc,455,266,0.585,371,134,0.361,31,21,0.677
src/decompile/cpp/printlanguage.hh,42,32,0.762,2,2,1.0,27,18,0.667
src/decompile/cpp/rangemap.hh,163,117,0.718,182,86,0.473,54,47,0.87
src/decompile/cpp/rangeutil.cc,1550,793,0.512,1064,444,0.41700000000000004,63,46,0.73
src/decompile/cpp/rangeutil.hh,58,53,0.914,44,36,0.818,31,29,0.935
src/decompile/cpp/ruleaction.cc,6166,1908,0.309,6106,1191,0.195,338,246,0.728
src/decompile/cpp/ruleaction.hh,557,551,0.9890000000000001,1108,571,0.515,279,275,0.986
src/decompile/cpp/semantics.cc,669,0,0.0,446,0,0.0,54,0,0.0
src/decompile/cpp/semantics.hh,55,0,0.0,6,0,0.0,54,0,0.0
src/decompile/cpp/signature.cc,633,0,0.0,418,0,0.0,47,0,0.0
src/decompile/cpp/signature.hh,58,0,0.0,12,0,0.0,36,0,0.0
src/decompile/cpp/signature_ghidra.cc,68,6,0.08800000000000001,116,8,0.069,6,1,0.16699999999999998
src/decompile/cpp/signature_ghidra.hh,2,2,1.0,2,1,0.5,2,2,1.0
src/decompile/cpp/sleigh.cc,477,0,0.0,312,0,0.0,37,0,0.0
src/decompile/cpp/sleigh.hh,14,0,0.0,2,0,0.0,3,0,0.0
src/decompile/cpp/sleighbase.cc,194,0,0.0,262,0,0.0,14,0,0.0
src/decompile/cpp/sleighbase.hh,6,0,0.0,0,0,,6,0,0.0
src/decompile/cpp/slgh_compile.cc,2197,0,0.0,2855,0,0.0,135,0,0.0
src/decompile/cpp/slgh_compile.hh,41,0,0.0,0,0,,39,0,0.0
src/decompile/cpp/slghparse.cc,1070,0,0.0,1431,0,0.0,3,0,0.0
src/decompile/cpp/slghpatexpress.cc,1052,0,0.0,924,0,0.0,122,0,0.0
src/decompile/cpp/slghpatexpress.hh,123,0,0.0,10,0,0.0,111,0,0.0
src/decompile/cpp/slghpattern.cc,631,0,0.0,558,0,0.0,58,0,0.0
src/decompile/cpp/slghpattern.hh,38,0,0.0,18,0,0.0,37,0,0.0
src/decompile/cpp/slghscan.cc,1280,0,0.0,1232,0,0.0,47,0,0.0
src/decompile/cpp/slghsymbol.cc,1718,0,0.0,1556,0,0.0,175,0,0.0
src/decompile/cpp/slghsymbol.hh,175,0,0.0,40,0,0.0,166,0,0.0
src/decompile/cpp/space.cc,385,173,0.449,286,63,0.22,40,17,0.425
src/decompile/cpp/space.hh,84,78,0.929,12,3,0.25,39,36,0.9229999999999999
src/decompile/cpp/string_ghidra.cc,19,8,0.42100000000000004,12,2,0.16699999999999998,3,2,0.667
src/decompile/cpp/stringmanage.cc,235,6,0.026000000000000002,232,0,0.0,14,2,0.14300000000000002
src/decompile/cpp/stringmanage.hh,1,1,1.0,0,0,,1,1,1.0
src/decompile/cpp/subflow.cc,1962,332,0.16899999999999998,1993,211,0.106,79,20,0.253
src/decompile/cpp/subflow.hh,1,0,0.0,0,0,,1,0,0.0
src/decompile/cpp/transform.cc,391,37,0.095,292,24,0.08199999999999999,36,1,0.027999999999999997
src/decompile/cpp/transform.hh,45,5,0.111,6,0,0.0,27,5,0.185
src/decompile/cpp/translate.cc,523,249,0.47600000000000003,522,142,0.272,42,22,0.524
src/decompile/cpp/translate.hh,57,44,0.772,4,2,0.5,35,24,0.6859999999999999
src/decompile/cpp/type.cc,2517,659,0.262,2434,401,0.165,218,72,0.33
src/decompile/cpp/type.hh,152,89,0.586,68,25,0.368,113,68,0.602
src/decompile/cpp/typegrp_ghidra.cc,13,3,0.231,16,2,0.125,1,1,1.0
src/decompile/cpp/typegrp_ghidra.hh,2,2,1.0,0,0,,2,2,1.0
src/decompile/cpp/typeop.cc,1429,765,0.535,1384,469,0.33899999999999997,204,122,0.598
src/decompile/cpp/typeop.hh,107,41,0.38299999999999995,0,0,,100,35,0.35
src/decompile/cpp/unionresolve.cc,674,0,0.0,929,0,0.0,21,0,0.0
src/decompile/cpp/unionresolve.hh,21,0,0.0,6,0,0.0,11,0,0.0
src/decompile/cpp/userop.cc,301,50,0.166,452,37,0.08199999999999999,24,5,0.20800000000000002
src/decompile/cpp/userop.hh,41,16,0.39,12,4,0.33299999999999996,30,10,0.33299999999999996
src/decompile/cpp/variable.cc,633,317,0.501,700,239,0.341,49,29,0.5920000000000001
src/decompile/cpp/variable.hh,66,41,0.621,10,4,0.4,53,33,0.623
src/decompile/cpp/varmap.cc,820,621,0.757,947,451,0.47600000000000003,48,46,0.958
src/decompile/cpp/varmap.hh,33,22,0.667,2,2,1.0,29,20,0.69
src/decompile/cpp/varnode.cc,950,469,0.494,834,267,0.32,86,62,0.721
src/decompile/cpp/varnode.hh,121,102,0.843,2,2,1.0,117,98,0.838
src/decompile/cpp/xml.cc,613,301,0.491,541,175,0.32299999999999995,40,30,0.75
src/decompile/cpp/xml.hh,68,41,0.603,20,10,0.5,43,30,0.698
