GROUP,PACKAGE,CLASS,INSTRUCTION_MISSED,INSTRUCTION_COVERED,BRANCH_MISSED,BRANCH_COVERED,LINE_MISSED,LINE_COVERED,COMPLEXITY_MISSED,COMPLEXITY_COVERED,METHOD_MISSED,METHOD_COVERED
jadx-core,jadx.core.deobf,DeobfPresets,574,0,59,0,118,0,50,0,19,0
jadx-core,jadx.core.deobf,SaveDeobfMapping,33,33,8,4,12,11,6,5,0,5
jadx-core,jadx.core.deobf,DeobfPresets.new IAliasProvider() {...},33,0,0,0,5,0,5,0,5,0
jadx-core,jadx.core.deobf,NameMapper,85,336,35,15,21,32,29,12,5,11
jadx-core,jadx.core.deobf,DeobfuscatorVisitor,137,12,31,1,38,5,17,3,1,3
jadx-core,jadx.core.deobf,DeobfAliasProvider,257,21,30,0,48,7,24,2,9,2
jadx-core,jadx.api.deobf.impl,CombineDeobfConditions,84,16,8,2,15,5,18,2,12,2
jadx-core,jadx.api.deobf.impl,AnyRenameCondition,36,0,0,0,8,0,6,0,6,0
jadx-core,jadx.api.deobf.impl,AlwaysRename,14,0,0,0,6,0,6,0,6,0
jadx-core,jadx.core.dex.instructions.invokedynamic,CustomRawCall,140,0,4,0,29,0,5,0,3,0
jadx-core,jadx.core.dex.instructions.invokedynamic,CustomStringConcat,92,167,19,19,25,38,17,7,2,3
jadx-core,jadx.core.dex.instructions.invokedynamic,CustomLambdaCall,320,6,41,1,75,2,25,1,4,1
jadx-core,jadx.core.dex.instructions.invokedynamic,InvokeCustomUtils,23,0,5,0,7,0,6,0,2,0
jadx-core,jadx.core,Jadx,267,423,33,11,57,79,29,5,6,5
jadx-core,jadx.core,ProcessClass,134,166,15,27,37,46,14,15,2,6
jadx-core,jadx.core.dex.attributes.nodes,AnonymousClassAttr.InlineType,15,0,0,0,3,0,1,0,1,0
jadx-core,jadx.core.dex.attributes.nodes,TmpEdgeAttr,5,11,0,0,1,5,1,3,1,3
jadx-core,jadx.core.dex.attributes.nodes,MethodTypeVarsAttr,15,22,3,1,4,8,3,5,1,5
jadx-core,jadx.core.dex.attributes.nodes,NotificationAttrNode,42,37,0,0,11,11,5,6,5,6
jadx-core,jadx.core.dex.attributes.nodes,SpecialEdgeAttr.SpecialEdgeType,0,15,0,0,0,3,0,1,0,1
jadx-core,jadx.core.dex.attributes.nodes,LineAttrNode,0,34,0,2,0,13,0,8,0,7
jadx-core,jadx.core.dex.attributes.nodes,MethodReplaceAttr,16,0,0,0,6,0,4,0,4,0
jadx-core,jadx.core.dex.attributes.nodes,MethodBridgeAttr,16,0,0,0,6,0,4,0,4,0
jadx-core,jadx.core.dex.attributes.nodes,JadxCommentsAttr,23,93,2,4,5,23,5,11,3,10
jadx-core,jadx.core.dex.attributes.nodes,SpecialEdgeAttr,2,32,0,0,1,9,1,5,1,5
jadx-core,jadx.core.dex.attributes.nodes,RegDebugInfoAttr,71,0,10,0,15,0,12,0,7,0
jadx-core,jadx.core.dex.attributes.nodes,JumpInfo,49,15,10,0,10,6,8,3,3,3
jadx-core,jadx.core.dex.attributes.nodes,RenameReasonAttr,98,0,10,0,33,0,16,0,11,0
jadx-core,jadx.core.dex.attributes.nodes,AnonymousClassAttr,34,0,0,0,10,0,6,0,6,0
jadx-core,jadx.core.dex.attributes.nodes,InlinedAttr,16,0,0,0,6,0,4,0,4,0
jadx-core,jadx.core.dex.attributes.nodes,DeclareVariablesAttr,5,19,0,0,1,6,1,4,1,4
jadx-core,jadx.core.dex.attributes.nodes,EnumClassAttr.EnumField,33,0,0,0,10,0,6,0,6,0
jadx-core,jadx.core.dex.attributes.nodes,ClassTypeVarsAttr,42,0,2,0,12,0,7,0,6,0
jadx-core,jadx.core.dex.attributes.nodes,EdgeInsnAttr,80,47,14,2,14,13,15,3,7,3
jadx-core,jadx.core.dex.attributes.nodes,EnumClassAttr,23,0,0,0,9,0,6,0,6,0
jadx-core,jadx.core.dex.attributes.nodes,LoopLabelAttr,16,0,0,0,6,0,4,0,4,0
jadx-core,jadx.core.dex.attributes.nodes,MethodOverrideAttr,32,0,0,0,12,0,7,0,7,0
jadx-core,jadx.core.dex.attributes.nodes,GenericInfoAttr,25,0,0,0,9,0,6,0,6,0
jadx-core,jadx.core.dex.attributes.nodes,MethodInlineAttr,60,29,5,1,16,9,7,5,4,5
jadx-core,jadx.core.dex.attributes.nodes,SkipMethodArgsAttr,87,0,8,0,26,0,13,0,9,0
jadx-core,jadx.core.dex.attributes.nodes,LocalVarsDebugInfoAttr,17,0,0,0,6,0,4,0,4,0
jadx-core,jadx.core.dex.attributes.nodes,FieldReplaceAttr,39,0,0,0,13,0,7,0,7,0
jadx-core,jadx.core.dex.attributes.nodes,EnumMapAttr.KeyValueMap,20,0,0,0,5,0,3,0,3,0
jadx-core,jadx.core.dex.attributes.nodes,ForceReturnAttr,17,0,0,0,6,0,4,0,4,0
jadx-core,jadx.core.dex.attributes.nodes,LoopInfo,16,143,4,16,4,36,6,17,2,11
jadx-core,jadx.core.dex.attributes.nodes,FieldReplaceAttr.ReplaceWith,0,15,0,0,0,3,0,1,0,1
jadx-core,jadx.core.dex.attributes.nodes,PhiListAttr,55,13,6,0,11,4,4,3,1,3
jadx-core,jadx.core.dex.attributes.nodes,RegionRefAttr,8,8,0,0,2,4,2,2,2,2
jadx-core,jadx.core.dex.attributes.nodes,EnumMapAttr,61,0,10,0,15,0,11,0,6,0
jadx-core,jadx.core.dex.attributes.nodes,JadxError,74,21,8,0,16,7,7,4,3,4
jadx-core,jadx.core.dex.visitors.usage,UseSet,6,49,0,4,1,11,1,6,1,4
jadx-core,jadx.core.dex.visitors.usage,UsageInfo,170,215,14,16,27,50,20,20,10,15
jadx-core,jadx.core.dex.visitors.usage,UsageInfoVisitor,83,224,12,23,27,65,12,19,1,11
jadx-core,jadx.api.usage.impl,InMemoryUsageInfoCache,3,25,1,1,0,8,1,4,0,4
jadx-core,jadx.api.usage.impl,EmptyUsageInfoCache,7,0,0,0,4,0,4,0,4,0
jadx-core,jadx.api.data.impl,JadxCodeRef,109,0,8,0,27,0,19,0,15,0
jadx-core,jadx.api.data.impl,JadxCodeComment,113,0,6,0,34,0,18,0,15,0
jadx-core,jadx.api.data.impl,JadxNodeRef,193,0,19,0,51,0,30,0,20,0
jadx-core,jadx.api.data.impl,JadxCodeRename,119,0,14,0,33,0,20,0,13,0
jadx-core,jadx.api.data.impl,JadxCodeData,35,0,4,0,10,0,8,0,6,0
jadx-core,jadx.api.plugins.pass.impl,OrderedJadxPassInfo,64,0,0,0,17,0,9,0,9,0
jadx-core,jadx.api.plugins.pass.impl,SimpleJadxPassInfo,24,0,0,0,10,0,6,0,6,0
jadx-core,jadx.api.plugins.pass.impl,SimpleAfterLoadPass,20,0,0,0,7,0,3,0,3,0
jadx-core,jadx.core.dex.visitors.rename,RenameVisitor,267,397,76,58,53,98,59,23,2,13
jadx-core,jadx.core.dex.visitors.rename,SourceFileRename.ClsRename,22,0,0,0,7,0,4,0,4,0
jadx-core,jadx.core.dex.visitors.rename,SourceFileRename,172,10,29,1,45,4,17,3,2,3
jadx-core,jadx.core.dex.visitors.rename,CodeRenameVisitor,154,53,25,4,35,16,19,6,4,6
jadx-core,jadx.core.dex.visitors.rename,UserRenames,195,11,27,1,50,4,25,2,10,2
jadx-core,jadx.core.dex.visitors.prepare,AddAndroidConstants,2,51,2,2,2,13,2,3,0,3
jadx-core,jadx.core.dex.visitors.prepare,CollectConstValues,63,16,14,2,17,5,9,2,1,2
jadx-core,jadx.core.utils.blocks,DFSIteration,0,67,0,6,0,17,0,5,0,2
jadx-core,jadx.core.utils.blocks,BlockPair,62,0,8,0,14,0,10,0,6,0
jadx-core,jadx.core.utils.blocks,BlockSet,171,40,20,0,38,11,20,4,10,4
jadx-core,jadx.api.metadata.annotations,VarRef.RelatedVarRef,12,10,0,0,1,4,1,2,1,2
jadx-core,jadx.api.metadata.annotations,NodeEnd,2,7,0,0,1,2,1,2,1,2
jadx-core,jadx.api.metadata.annotations,NodeDeclareRef,29,17,4,0,8,7,6,4,4,4
jadx-core,jadx.api.metadata.annotations,VarRef.FixedVarRef,9,0,0,0,4,0,2,0,2,0
jadx-core,jadx.api.metadata.annotations,InsnCodeOffset,8,46,3,9,3,17,5,8,2,5
jadx-core,jadx.api.metadata.annotations,VarRef,16,10,2,0,4,3,3,3,2,3
jadx-core,jadx.api.metadata.annotations,VarNode,78,97,11,7,20,32,16,12,10,9
jadx-core,jadx.core.utils,DebugChecks,748,0,125,0,165,0,79,0,16,0
jadx-core,jadx.core.utils,Utils,524,370,106,54,143,95,89,40,24,25
jadx-core,jadx.core.utils,ImmutableList,188,89,21,9,47,19,34,13,23,9
jadx-core,jadx.core.utils,ListUtils,266,121,65,25,73,29,53,12,15,5
jadx-core,jadx.core.utils,BlockUtils,1306,1137,275,205,359,282,211,121,42,50
jadx-core,jadx.core.utils,InsnUtils,356,118,86,23,93,29,63,13,13,7
jadx-core,jadx.core.utils,CacheStorage,0,13,0,0,0,5,0,3,0,3
jadx-core,jadx.core.utils,DebugUtils,546,0,32,0,125,0,54,0,38,0
jadx-core,jadx.core.utils,BlockInsnPair,66,0,8,0,14,0,10,0,6,0
jadx-core,jadx.core.utils,DebugUtils.new AbstractVisitor() {...},7,0,0,0,3,0,2,0,2,0
jadx-core,jadx.core.utils,DebugUtils.new AbstractVisitor() {...},19,0,2,0,4,0,3,0,2,0
jadx-core,jadx.core.utils,DebugUtils.new TracedRegionVisitor() {...},20,0,2,0,4,0,3,0,2,0
jadx-core,jadx.core.utils,DebugUtils.new AbstractVisitor() {...},11,0,0,0,3,0,2,0,2,0
jadx-core,jadx.core.utils,PassMerge,373,10,45,1,69,5,29,2,6,2
jadx-core,jadx.core.utils,StringUtils,663,178,154,25,189,50,120,18,26,13
jadx-core,jadx.core.utils,EncodedValueUtils,359,0,35,0,69,0,34,0,8,0
jadx-core,jadx.core.utils,InsnRemover,287,244,43,33,67,82,37,29,11,17
jadx-core,jadx.core.utils,ImmutableList.new Iterator() {...},7,36,0,2,2,5,0,4,0,3
jadx-core,jadx.core.utils,PassMerge.ExtDepsComparator,65,0,12,0,13,0,9,0,3,0
jadx-core,jadx.core.utils,DecompilerScheduler,111,173,7,15,26,41,10,10,4,5
jadx-core,jadx.core.utils,EmptyBitSet,42,13,0,0,13,5,13,4,13,4
jadx-core,jadx.core.utils,RegionUtils,562,499,126,108,153,133,91,53,11,16
jadx-core,jadx.core.utils,InsnList,61,45,10,4,15,12,12,8,7,6
jadx-core,jadx.core.utils,PassMerge.MergePass,49,0,0,0,14,0,8,0,8,0
jadx-core,jadx.core.utils,RegionUtils.new AbstractRegionVisitor() {...},11,0,0,0,3,0,2,0,2,0
jadx-core,jadx.core.utils,DecompilerScheduler.DepInfo,10,30,0,2,2,9,2,4,2,3
jadx-core,jadx.core.utils,PassMerge.InvertedDepsComparator,35,0,8,0,8,0,6,0,2,0
jadx-core,jadx.core.utils,GsonUtils,8,0,0,0,2,0,2,0,2,0
jadx-core,jadx.core.utils,Utils.new OutputStream() {...},1,22,1,2,1,7,1,3,0,2
jadx-core,jadx.core.utils,BetterName,77,0,12,0,21,0,11,0,5,0
jadx-core,jadx.core.utils,GsonUtils.InterfaceReplace,18,0,0,0,5,0,3,0,3,0
jadx-core,jadx.core.utils,ErrorsCounter,39,177,7,11,10,37,7,14,2,10
jadx-core,jadx.core.utils,DebugChecksPass,25,0,2,0,10,0,4,0,3,0
jadx-core,jadx.api.metadata,ICodeAnnotation.AnnType,0,57,0,0,0,10,0,1,0,1
jadx-core,jadx.api.metadata,ICodeMetadata,3,0,0,0,1,0,1,0,1,0
jadx-core,jadx.core.export,TemplateFile,211,0,24,0,62,0,22,0,8,0
jadx-core,jadx.core.export,TemplateFile.State,27,0,0,0,2,0,1,0,1,0
jadx-core,jadx.core.export,TemplateFile.ParserState,6,0,0,0,2,0,1,0,1,0
jadx-core,jadx.core.export,ExportGradleProject,206,0,14,0,48,0,15,0,8,0
jadx-core,jadx.core.export,GradleInfoStorage,21,3,0,0,9,1,6,1,6,1
jadx-core,jadx.core.export,ExportGradleTask,118,0,4,0,33,0,11,0,9,0
jadx-core,jadx.api.impl,SimpleCodeInfo,10,6,0,0,4,3,4,1,4,1
jadx-core,jadx.api.impl,SimpleCodeWriter,151,182,11,5,39,58,22,22,15,21
jadx-core,jadx.api.impl,AnnotatedCodeInfo,11,17,2,0,2,6,3,3,2,3
jadx-core,jadx.api.impl,NoOpCodeCache,19,0,0,0,9,0,9,0,9,0
jadx-core,jadx.api.impl,DelegateCodeCache,36,0,0,0,12,0,7,0,7,0
jadx-core,jadx.api.impl,InMemoryCodeCache,24,36,2,2,7,11,4,6,3,5
jadx-core,jadx.api.impl,AnnotatedCodeWriter,19,319,6,20,8,74,8,25,2,18
jadx-core,jadx.core.dex.instructions.args,ArgType.WildcardBound,6,49,0,4,2,9,2,5,2,3
jadx-core,jadx.core.dex.instructions.args,LiteralArg,185,117,36,20,33,25,30,16,7,11
jadx-core,jadx.core.dex.instructions.args,ArgType.ArrayArg,5,55,0,0,1,15,1,11,1,11
jadx-core,jadx.core.dex.instructions.args,RegisterArg,220,211,46,30,49,54,41,30,10,23
jadx-core,jadx.core.dex.instructions.args,Typed,0,12,0,0,0,5,0,4,0,4
jadx-core,jadx.core.dex.instructions.args,VarName,13,0,0,0,5,0,4,0,4,0
jadx-core,jadx.core.dex.instructions.args,ArgType.PrimitiveArg,10,19,2,0,1,7,2,4,1,4
jadx-core,jadx.core.dex.instructions.args,ArgType.OuterGenericObject,76,0,6,0,14,0,11,0,8,0
jadx-core,jadx.core.dex.instructions.args,ArgType.WildcardType,47,15,8,0,9,4,10,1,6,1
jadx-core,jadx.core.dex.instructions.args,InsnWrapArg,97,45,15,3,22,13,12,6,4,5
jadx-core,jadx.core.dex.instructions.args,PrimitiveType,13,134,4,0,2,20,4,5,2,5
jadx-core,jadx.core.dex.instructions.args,ArgType.GenericType,49,9,6,0,13,4,9,2,6,2
jadx-core,jadx.core.dex.instructions.args,ArgType,430,544,112,50,111,115,97,55,25,34
jadx-core,jadx.core.dex.instructions.args,InsnArg,188,270,53,35,50,76,45,35,7,28
jadx-core,jadx.core.dex.instructions.args,ArgType.KnownType,12,6,2,0,3,2,4,2,3,2
jadx-core,jadx.core.dex.instructions.args,CodeVar,67,95,7,9,15,33,8,20,3,17
jadx-core,jadx.core.dex.instructions.args,ArgType.ObjectType,3,25,0,0,1,8,1,5,1,5
jadx-core,jadx.core.dex.instructions.args,ArgType.UnknownArg,39,40,6,4,9,10,6,6,3,4
jadx-core,jadx.core.dex.instructions.args,NamedArg,43,16,4,0,10,7,8,3,6,3
jadx-core,jadx.core.dex.instructions.args,ArgType.GenericObject,25,25,4,0,4,6,5,3,3,3
jadx-core,jadx.core.dex.instructions.args,SSAVar,280,352,43,51,63,97,37,50,9,31
jadx-core,jadx.core.utils.files,FileUtils,599,124,37,9,142,34,56,10,34,9
jadx-core,jadx.core.utils.files,FileUtils.new SimpleFileVisitor() {...},8,3,0,0,4,1,2,1,2,1
jadx-core,jadx.core.dex.visitors.kotlin,ProcessKotlinInternals,338,76,69,9,89,21,44,7,6,6
jadx-core,jadx.core.dex.regions.loops,ForLoop,0,15,0,0,0,6,0,3,0,3
jadx-core,jadx.core.dex.regions.loops,LoopType,0,3,0,0,0,1,0,1,0,1
jadx-core,jadx.core.dex.regions.loops,ForEachLoop,66,0,0,0,14,0,4,0,4,0
jadx-core,jadx.core.dex.regions.loops,LoopRegion,143,100,30,10,40,31,22,16,5,13
jadx-core,jadx.api.plugins.loader,JadxBasePluginLoader,0,28,0,2,0,8,0,4,0,3
jadx-core,jadx.core.codegen.json.mapping,JsonFieldMapping,17,0,0,0,7,0,5,0,5,0
jadx-core,jadx.core.codegen.json.mapping,JsonMapping,10,0,0,0,4,0,3,0,3,0
jadx-core,jadx.core.codegen.json.mapping,JsonMthMapping,31,0,0,0,13,0,9,0,9,0
jadx-core,jadx.core.codegen.json.mapping,JsonClsMapping,52,0,0,0,22,0,15,0,15,0
jadx-core,jadx.api.plugins.gui,ISettingsGroup,2,0,0,0,1,0,1,0,1,0
jadx-core,jadx.api.plugins.resources,IResContainerFactory,1,0,0,0,1,0,1,0,1,0
jadx-core,jadx.api.plugins.resources,IResTableParserProvider,1,0,0,0,1,0,1,0,1,0
jadx-core,jadx.core.dex.instructions.java,JsrNode,34,0,0,0,8,0,5,0,5,0
jadx-core,jadx.api.plugins,JadxPluginInfo,25,32,0,0,6,11,5,4,5,4
jadx-core,jadx.api.plugins,JadxPluginInfoBuilder,9,68,1,1,3,17,2,6,1,6
jadx-core,jadx.core.dex.visitors.fixaccessmodifiers,VisibilityUtils,91,65,21,9,22,21,16,8,3,6
jadx-core,jadx.core.dex.visitors.fixaccessmodifiers,FixAccessModifiers,131,97,26,14,33,24,22,8,4,6
jadx-core,jadx.api.plugins.pass.types,JadxPreparePass,2,6,0,0,1,1,1,1,1,1
jadx-core,jadx.api.plugins.pass.types,JadxDecompilePass,2,6,0,0,1,1,1,1,1,1
jadx-core,jadx.api.plugins.pass.types,JadxPassType,24,6,4,0,7,3,5,1,3,1
jadx-core,jadx.api.plugins.pass.types,JadxAfterLoadPass,2,6,0,0,1,1,1,1,1,1
jadx-core,jadx.core.dex.info,AccessInfo,282,220,66,43,53,46,61,30,12,22
jadx-core,jadx.core.dex.info,ConstStorage.ValueStorage,47,47,6,4,12,9,8,4,3,4
jadx-core,jadx.core.dex.info,ClassInfo,224,365,41,51,47,89,42,42,11,27
jadx-core,jadx.core.dex.info,ConstStorage,240,134,45,18,49,35,40,9,9,5
jadx-core,jadx.core.dex.info,InfoStorage,1,152,1,5,0,31,1,11,0,9
jadx-core,jadx.core.dex.info,PackageInfo,80,55,11,3,17,17,11,7,5,6
jadx-core,jadx.core.dex.info,MethodInfo,94,260,10,22,20,60,19,26,10,19
jadx-core,jadx.core.dex.info,AccessInfo.AFType,0,21,0,0,0,2,0,1,0,1
jadx-core,jadx.core.dex.info,FieldInfo,82,112,12,6,14,24,19,8,10,8
jadx-core,jadx.core.dex.info,ClassAliasInfo,13,25,1,1,2,10,2,5,1,5
jadx-core,jadx.core.utils.tasks,TaskExecutor,85,191,13,15,25,47,20,12,9,9
jadx-core,jadx.core.utils.tasks,TaskExecutor.ExecStage,0,15,0,0,0,6,0,3,0,3
jadx-core,jadx.core.utils.tasks,TaskExecutor.ExecType,0,15,0,0,0,3,0,1,0,1
jadx-core,jadx.api.utils,CodeUtils,90,0,10,0,24,0,12,0,7,0
jadx-core,jadx.api.plugins.options.impl,BasePluginOptionsBuilder,107,131,9,7,18,33,14,12,9,9
jadx-core,jadx.api.plugins.options.impl,BasePluginOptionsBuilder.OptionData,54,87,5,5,11,29,11,13,6,13
jadx-core,jadx.api.plugins.options.impl,BaseOptionsParser,64,0,12,0,17,0,10,0,4,0
jadx-core,jadx.api.plugins.options.impl,JadxOptionDescription,92,0,2,0,24,0,13,0,12,0
jadx-core,jadx.core.dex.instructions.mods,TernaryInsn,172,0,16,0,47,0,19,0,11,0
jadx-core,jadx.core.dex.instructions.mods,ConstructorInsn,86,89,16,10,17,19,16,13,6,10
jadx-core,jadx.core.dex.instructions.mods,ConstructorInsn.CallType,0,27,0,0,0,5,0,1,0,1
jadx-core,jadx.core.codegen.json.cls,JsonNode,31,0,0,0,13,0,9,0,9,0
jadx-core,jadx.core.codegen.json.cls,JsonClass,66,0,0,0,28,0,19,0,19,0
jadx-core,jadx.core.codegen.json.cls,JsonField,3,0,0,0,1,0,1,0,1,0
jadx-core,jadx.core.codegen.json.cls,JsonMethod,38,0,0,0,16,0,11,0,11,0
jadx-core,jadx.core.codegen.json.cls,JsonCodeLine,24,0,0,0,10,0,7,0,7,0
jadx-core,jadx.core.codegen,MethodGen.FallbackOption,0,21,0,0,0,4,0,1,0,1
jadx-core,jadx.core.codegen,ConditionGen,167,161,29,18,41,45,27,10,6,6
jadx-core,jadx.core.codegen,MethodGen,564,804,96,85,135,193,78,43,4,25
jadx-core,jadx.core.codegen,SimpleModeHelper,363,0,60,0,81,0,39,0,9,0
jadx-core,jadx.core.codegen,ClassGen,1239,774,200,82,304,204,147,55,22,39
jadx-core,jadx.core.codegen,RegionGen,311,618,51,49,67,161,40,25,2,13
jadx-core,jadx.core.codegen,InsnGen,1801,1165,246,137,434,295,176,82,15,29
jadx-core,jadx.core.codegen,InsnGen.Flags,0,21,0,0,0,4,0,1,0,1
jadx-core,jadx.core.codegen,ConditionGen.CondStack,0,22,0,0,0,6,0,4,0,4
jadx-core,jadx.core.codegen,AnnotationGen,405,62,61,7,100,21,45,8,7,5
jadx-core,jadx.core.codegen,CodeGen,53,36,5,2,13,7,5,3,1,3
jadx-core,jadx.core.codegen,NameGen,140,505,39,58,38,103,36,35,2,19
jadx-core,jadx.core.codegen,TypeGen,158,83,33,14,34,18,25,11,1,5
jadx-core,jadx.api.impl.passes,PreparePassWrapper,30,0,0,0,11,0,5,0,5,0
jadx-core,jadx.api.impl.passes,DecompilePassWrapper,79,0,0,0,20,0,7,0,7,0
jadx-core,jadx.core.clsp,ClspMethod,132,42,12,2,30,14,16,6,9,6
jadx-core,jadx.core.clsp,ClsSet,783,487,86,42,182,109,69,34,18,17
jadx-core,jadx.core.clsp,ClspGraph,154,373,29,32,37,91,22,31,3,19
jadx-core,jadx.core.clsp,ClspClass,67,79,6,2,17,25,12,11,9,10
jadx-core,jadx.core.clsp,SimpleMethodDetails,18,16,0,0,6,6,6,4,6,4
jadx-core,jadx.core.clsp,ClspClassSource,28,39,4,0,5,8,4,2,2,2
jadx-core,jadx.core.clsp,ClsSet.TypeEnum,0,45,0,0,0,8,0,1,0,1
jadx-core,jadx.api.plugins.utils,LimitedInputStream,72,0,8,0,21,0,9,0,5,0
jadx-core,jadx.api.plugins.utils,Utils,147,14,28,2,43,4,20,3,6,2
jadx-core,jadx.api.plugins.utils,ZipSecurity,227,47,42,6,59,14,30,4,7,3
jadx-core,jadx.api.plugins.utils,CommonFileUtils,87,97,8,6,26,24,12,7,6,6
jadx-core,jadx.core.dex.attributes,AType,0,144,0,0,0,36,0,2,0,2
jadx-core,jadx.core.dex.attributes,AFlag,0,357,0,0,0,60,0,1,0,1
jadx-core,jadx.core.dex.attributes,FieldInitInsnAttr,26,0,0,0,8,0,5,0,5,0
jadx-core,jadx.core.dex.attributes,AttrNode,51,147,3,11,17,47,8,26,6,21
jadx-core,jadx.core.dex.attributes,AttrList,0,22,0,0,0,7,0,4,0,4
jadx-core,jadx.core.dex.attributes,EmptyAttrStorage,7,15,0,0,4,8,4,8,4,8
jadx-core,jadx.core.dex.attributes,AttributeStorage,55,272,10,24,17,63,11,35,4,25
jadx-core,jadx.core.dex.regions.conditions,IfCondition.Mode,0,33,0,0,0,6,0,1,0,1
jadx-core,jadx.core.dex.regions.conditions,IfRegion,84,74,9,3,20,24,9,10,4,9
jadx-core,jadx.core.dex.regions.conditions,IfCondition,740,79,128,5,146,21,89,9,19,9
jadx-core,jadx.core.dex.regions.conditions,ConditionRegion,27,66,6,6,10,22,6,9,2,7
jadx-core,jadx.core.dex.regions.conditions,Compare,15,31,0,0,3,10,2,6,2,6
jadx-core,jadx.core.dex.regions.conditions,IfInfo,45,114,2,0,8,31,4,15,3,15
jadx-core,jadx.core.dex.regions,SwitchRegion,56,72,4,0,11,17,5,10,3,10
jadx-core,jadx.core.dex.regions,TryCatchRegion,57,92,7,5,13,25,9,9,4,8
jadx-core,jadx.core.dex.regions,SynchronizedRegion,46,0,0,0,13,0,8,0,8,0
jadx-core,jadx.core.dex.regions,SwitchRegion.new Object() {...},2,3,0,0,1,1,1,1,1,1
jadx-core,jadx.core.dex.regions,AbstractRegion,7,25,0,2,2,10,1,6,1,5
jadx-core,jadx.core.dex.regions,SwitchRegion.CaseInfo,0,15,0,0,0,6,0,3,0,3
jadx-core,jadx.core.dex.regions,Region,41,60,3,3,11,16,4,6,2,5
jadx-core,jadx.core.dex.nodes.utils,TypeUtils,640,172,111,21,155,47,77,15,14,12
jadx-core,jadx.core.dex.nodes.utils,MethodUtils,82,218,28,38,25,54,23,21,2,9
jadx-core,jadx.core.dex.visitors.typeinference,TypeInferenceVisitor,149,529,25,65,39,132,25,48,3,22
jadx-core,jadx.core.dex.visitors.typeinference,TypeBoundCheckCastAssign,23,42,1,1,4,9,5,4,4,4
jadx-core,jadx.core.dex.visitors.typeinference,FixTypesVisitor,1782,99,312,5,462,14,197,6,39,5
jadx-core,jadx.core.dex.visitors.typeinference,BoundEnum,0,15,0,0,0,3,0,1,0,1
jadx-core,jadx.core.dex.visitors.typeinference,TypeInfo,8,21,0,0,1,7,1,4,1,4
jadx-core,jadx.core.dex.visitors.typeinference,TypeCompare,391,307,124,66,98,77,82,29,7,9
jadx-core,jadx.core.dex.visitors.typeinference,TypeUpdateFlags,60,33,14,2,14,9,10,5,3,4
jadx-core,jadx.core.dex.visitors.typeinference,TypeBoundConst,16,65,5,5,4,14,7,6,2,6
jadx-core,jadx.core.dex.visitors.typeinference,TypeBoundInvokeUse,99,0,8,0,24,0,13,0,9,0
jadx-core,jadx.core.dex.visitors.typeinference,TypeSearchVarInfo,142,0,8,0,40,0,18,0,14,0
jadx-core,jadx.core.dex.visitors.typeinference,TypeUpdateResult,0,21,0,0,0,4,0,1,0,1
jadx-core,jadx.core.dex.visitors.typeinference,TypeUpdateRegistry,36,0,2,0,8,0,5,0,4,0
jadx-core,jadx.core.dex.visitors.typeinference,TypeBoundFieldGetAssign,97,0,10,0,25,0,15,0,10,0
jadx-core,jadx.core.dex.visitors.typeinference,TypeBoundInvokeAssign,54,75,11,3,15,19,10,8,3,8
jadx-core,jadx.core.dex.visitors.typeinference,TypeSearch,776,0,113,0,193,0,79,0,22,0
jadx-core,jadx.core.dex.visitors.typeinference,TypeSearch.new AbstractTypeConstraint() {...},39,0,4,0,8,0,4,0,2,0
jadx-core,jadx.core.dex.visitors.typeinference,TypeSearch.new AbstractTypeConstraint() {...},38,0,4,0,5,0,4,0,2,0
jadx-core,jadx.core.dex.visitors.typeinference,TypeUpdate,520,932,167,152,109,227,122,77,9,28
jadx-core,jadx.core.dex.visitors.typeinference,TypeUpdateEntry,15,24,0,0,2,8,2,4,2,4
jadx-core,jadx.core.dex.visitors.typeinference,TypeCompare.ArgTypeComparator,2,23,1,3,1,6,1,4,0,2
jadx-core,jadx.core.dex.visitors.typeinference,TypeSearchState,99,0,8,0,22,0,11,0,7,0
jadx-core,jadx.core.dex.visitors.typeinference,FinishTypeInference,13,30,4,4,4,9,5,3,1,3
jadx-core,jadx.core.dex.visitors.typeinference,AbstractTypeConstraint,89,0,12,0,18,0,10,0,4,0
jadx-core,jadx.core.dex.visitors.typeinference,TypeCompareEnum,22,99,14,13,4,17,13,10,1,7
jadx-core,jadx.core.dex.visitors.typeinference,TypeUpdateInfo,82,89,9,3,16,21,11,9,5,9
jadx-core,jadx.api.deobf,IAliasProvider,2,0,0,0,2,0,2,0,2,0
jadx-core,jadx.api.deobf,IDeobfCondition.Action,21,0,0,0,4,0,1,0,1,0
jadx-core,jadx.core.deobf.conditions,ExcludeAndroidRClass,98,3,26,0,22,1,15,1,2,1
jadx-core,jadx.core.deobf.conditions,ExcludePackageWithTLDNames.TldHolder,3,0,0,0,1,0,1,0,1,0
jadx-core,jadx.core.deobf.conditions,AbstractDeobfCondition,9,3,0,0,5,1,5,1,5,1
jadx-core,jadx.core.deobf.conditions,DeobfLengthCondition,47,3,4,0,12,1,8,1,6,1
jadx-core,jadx.core.deobf.conditions,ExcludePackageWithTLDNames,49,3,6,0,10,1,6,1,3,1
jadx-core,jadx.core.deobf.conditions,BaseDeobfCondition,50,3,18,0,14,1,13,1,4,1
jadx-core,jadx.core.deobf.conditions,DeobfWhitelist,66,46,10,0,15,5,8,2,3,2
jadx-core,jadx.core.deobf.conditions,AvoidClsAndPkgNamesCollision,32,8,4,0,8,2,4,1,2,1
jadx-core,jadx.core.deobf.conditions,JadxRenameConditions,3,45,0,0,1,9,1,2,1,2
jadx-core,jadx.core.utils.log,LogUtils,34,0,6,0,10,0,7,0,4,0
jadx-core,jadx.core.dex.visitors.regions.variables,CollectUsageRegionVisitor,1,141,4,14,1,35,4,11,0,6
jadx-core,jadx.core.dex.visitors.regions.variables,VarUsage,16,27,2,0,1,8,2,4,1,4
jadx-core,jadx.core.dex.visitors.regions.variables,UsePlace,41,29,10,0,8,7,7,4,2,4
jadx-core,jadx.core.dex.visitors.regions.variables,ProcessVariables.new AbstractRegionVisitor() {...},88,93,25,19,23,28,17,11,0,6
jadx-core,jadx.core.dex.visitors.regions.variables,ProcessVariables,52,510,22,76,16,128,20,46,0,17
jadx-core,jadx.api.plugins.events,JadxEventType.new JadxEventType() {...},3,0,0,0,1,0,1,0,1,0
jadx-core,jadx.api.plugins.events,JadxEventType,7,0,0,0,2,0,2,0,2,0
jadx-core,jadx.api.plugins.events,JadxEvents,10,0,0,0,4,0,2,0,2,0
jadx-core,jadx.core.dex.visitors.finaly,InsnsSlice,133,0,10,0,31,0,17,0,12,0
jadx-core,jadx.core.dex.visitors.finaly,FinallyExtractInfo,80,0,0,0,26,0,14,0,14,0
jadx-core,jadx.core.dex.visitors.finaly,MarkFinallyVisitor,1353,67,243,11,352,20,151,7,27,4
jadx-core,jadx.core.xmlgen,ResTableBinaryParser.EntryOffset,15,0,0,0,6,0,3,0,3,0
jadx-core,jadx.core.xmlgen,ResXmlGen,839,0,116,0,163,0,68,0,8,0
jadx-core,jadx.core.xmlgen,ParserConstants,111,0,4,0,23,0,6,0,4,0
jadx-core,jadx.core.xmlgen,ManifestAttributes,498,0,78,0,119,0,50,0,11,0
jadx-core,jadx.core.xmlgen,ResContainer.DataType,27,0,0,0,2,0,1,0,1,0
jadx-core,jadx.core.xmlgen,StringFormattedCheck.Duo,67,0,10,0,16,0,8,0,3,0
jadx-core,jadx.core.xmlgen,BinaryXMLParser,1352,0,189,0,325,0,121,0,23,0
jadx-core,jadx.core.xmlgen,ResTableBinaryParser,1547,0,136,0,332,0,99,0,27,0
jadx-core,jadx.core.xmlgen,ResTableBinaryParser.PackageChunk,27,0,0,0,10,0,5,0,5,0
jadx-core,jadx.core.xmlgen,XmlDeobf,40,0,10,0,10,0,7,0,2,0
jadx-core,jadx.core.xmlgen,ManifestAttributes.MAttr,25,0,0,0,7,0,4,0,4,0
jadx-core,jadx.core.xmlgen,XMLChar,3341,0,152,0,700,0,100,0,24,0
jadx-core,jadx.core.xmlgen,XmlSecurity,68,0,6,0,23,0,7,0,4,0
jadx-core,jadx.core.xmlgen,CommonBinaryParser,99,0,2,0,18,0,5,0,4,0
jadx-core,jadx.core.xmlgen,BinaryXMLStrings,245,0,24,0,53,0,21,0,9,0
jadx-core,jadx.core.xmlgen,ResTableBinaryParserProvider,15,7,2,0,4,3,2,2,1,2
jadx-core,jadx.core.xmlgen,ResourceStorage,138,0,4,0,35,0,16,0,14,0
jadx-core,jadx.core.xmlgen,ManifestAttributes.MAttrType,15,0,0,0,2,0,1,0,1,0
jadx-core,jadx.core.xmlgen,XmlGenUtils,255,0,40,0,71,0,29,0,6,0
jadx-core,jadx.core.xmlgen,ResDecoder,3,0,0,0,1,0,1,0,1,0
jadx-core,jadx.core.xmlgen,ResContainer,121,0,4,0,26,0,18,0,16,0
jadx-core,jadx.core.xmlgen,StringFormattedCheck,133,0,30,0,30,0,18,0,3,0
jadx-core,jadx.core.xmlgen,ResourcesSaver,176,0,12,0,53,0,15,0,8,0
jadx-core,jadx.core.xmlgen,ParserStream,386,0,32,0,96,0,37,0,21,0
jadx-core,jadx.core.dex.visitors.methods,MutableMethodDetails,87,0,0,0,30,0,16,0,16,0
jadx-core,jadx.core.dex.visitors.debuginfo,DebugInfoAttachVisitor,229,143,37,13,62,35,26,10,3,8
jadx-core,jadx.core.dex.visitors.debuginfo,DebugInfoApplyVisitor,434,24,70,2,114,9,51,4,15,4
jadx-core,jadx.core.dex.visitors.blocks,ResolveJavaJSR,223,0,32,0,60,0,25,0,9,0
jadx-core,jadx.core.dex.visitors.blocks,BlockExceptionHandler,708,805,126,98,166,214,101,58,18,29
jadx-core,jadx.core.dex.visitors.blocks,PostDominatorTree,42,135,5,9,11,30,4,6,1,2
jadx-core,jadx.core.dex.visitors.blocks,FixMultiEntryLoops.BlockColor,0,21,0,0,0,2,0,1,0,1
jadx-core,jadx.core.dex.visitors.blocks,DominatorTree,21,357,6,44,6,99,7,27,1,8
jadx-core,jadx.core.dex.visitors.blocks,FixMultiEntryLoops,84,211,9,25,23,46,10,21,2,11
jadx-core,jadx.core.dex.visitors.blocks,BlockProcessor,451,1162,99,181,118,313,83,109,6,46
jadx-core,jadx.core.dex.visitors.blocks,BlockSplitter,249,951,46,120,57,228,41,80,4,34
jadx-core,jadx.api.args,IntegerFormat,2,26,1,1,0,5,1,2,0,2
jadx-core,jadx.api.args,UserRenamesMappingsMode,17,29,6,0,2,6,5,2,2,2
jadx-core,jadx.api.args,ResourceNameSource,0,21,0,0,0,4,0,1,0,1
jadx-core,jadx.api.args,GeneratedRenamesMappingFileMode,12,37,6,2,1,7,5,3,1,3
jadx-core,jadx.core.plugins,JadxPluginManager,144,245,10,18,32,63,18,19,9,14
jadx-core,jadx.core.plugins,JadxPluginsData,37,52,0,0,5,15,5,6,5,6
jadx-core,jadx.core.plugins,PluginContext,139,79,12,0,35,25,20,13,14,13
jadx-core,jadx.core.dex.nodes.parser,SignatureParser,671,20,115,2,184,7,81,3,21,3
jadx-core,jadx.core.dex.visitors.ssa,SSATransform,400,723,92,108,107,194,62,63,4,21
jadx-core,jadx.core.dex.visitors.ssa,RenameState,0,107,0,4,0,25,0,8,0,6
jadx-core,jadx.core.dex.visitors.ssa,LiveVarAnalysis,23,258,2,24,4,63,3,19,1,8
jadx-core,jadx.api,JadxArgsValidator,82,97,18,12,20,29,14,8,1,6
jadx-core,jadx.api,JavaMethod,158,17,14,0,38,6,27,3,20,3
jadx-core,jadx.api,ResourceFileContent,15,0,0,0,4,0,2,0,2,0
jadx-core,jadx.api,JadxArgs,404,490,15,5,150,125,84,58,74,58
jadx-core,jadx.api,JadxArgs.OutputFormatEnum,0,15,0,0,0,2,0,1,0,1
jadx-core,jadx.api,ResourceFile,121,0,8,0,30,0,16,0,12,0
jadx-core,jadx.api,ResourceType,228,0,16,0,32,0,12,0,4,0
jadx-core,jadx.api,JavaPackage,183,0,16,0,52,0,34,0,26,0
jadx-core,jadx.api,JadxDecompiler,713,611,88,46,183,163,107,34,47,24
jadx-core,jadx.api,CommentsLevel,1,47,1,1,0,8,1,2,0,2
jadx-core,jadx.api,ICodeInfo,0,6,0,0,0,1,0,1,0,1
jadx-core,jadx.api,JavaClass,410,181,47,15,95,49,61,14,32,12
jadx-core,jadx.api,JavaVariable,114,0,8,0,28,0,21,0,17,0
jadx-core,jadx.api,JadxArgs.UseKotlinMethodsForVarNames,0,21,0,0,0,2,0,1,0,1
jadx-core,jadx.api,DecompilationMode,0,27,0,0,0,5,0,1,0,1
jadx-core,jadx.api,ResourceFile.ZipRef,22,0,0,0,7,0,4,0,4,0
jadx-core,jadx.api,JavaField,102,0,8,0,23,0,21,0,17,0
jadx-core,jadx.api,JadxArgs.RenameEnum,0,21,0,0,0,2,0,1,0,1
jadx-core,jadx.api,ResourcesLoader,419,88,41,7,97,22,36,7,13,5
jadx-core,jadx.api.metadata.impl,CodeMetadataStorage,252,33,40,1,52,10,32,3,11,3
jadx-core,jadx.core.dex.visitors,ModVisitor,855,464,151,64,207,128,106,38,13,19
jadx-core,jadx.core.dex.visitors,MethodVisitor,17,0,0,0,7,0,3,0,3,0
jadx-core,jadx.core.dex.visitors,SimplifyVisitor,1084,344,197,55,271,93,123,32,11,14
jadx-core,jadx.core.dex.visitors,ShadowFieldVisitor.FieldFixType,15,0,0,0,3,0,1,0,1,0
jadx-core,jadx.core.dex.visitors,AbstractVisitor,0,14,0,0,0,6,0,6,0,6
jadx-core,jadx.core.dex.visitors,FallbackModeVisitor,18,34,6,6,7,8,5,4,1,2
jadx-core,jadx.core.dex.visitors,DeboxingVisitor,227,140,44,14,61,31,27,10,3,5
jadx-core,jadx.core.dex.visitors,MoveInlineVisitor,87,169,22,28,29,47,17,13,1,4
jadx-core,jadx.core.dex.visitors,ProcessMethodsForInline,62,55,19,9,15,13,15,6,2,5
jadx-core,jadx.core.dex.visitors,ConstructorVisitor,286,197,58,28,66,55,37,15,2,7
jadx-core,jadx.core.dex.visitors,GenericTypesVisitor,29,60,8,10,10,15,6,7,0,4
jadx-core,jadx.core.dex.visitors,SaveCode,31,73,8,7,12,21,9,5,1,5
jadx-core,jadx.core.dex.visitors,FixSwitchOverEnum.EnumMapInfo,15,0,0,0,6,0,3,0,3,0
jadx-core,jadx.core.dex.visitors,EnumVisitor.EnumData,17,0,0,0,6,0,1,0,1,0
jadx-core,jadx.core.dex.visitors,OverrideMethodVisitor,995,72,174,6,236,21,105,6,15,6
jadx-core,jadx.core.dex.visitors,ExtractFieldInit.FieldInitInfo,12,0,0,0,5,0,1,0,1,0
jadx-core,jadx.core.dex.visitors,AttachTryCatchVisitor,74,182,11,19,22,55,12,13,2,8
jadx-core,jadx.core.dex.visitors,DotGraphVisitor.DumpDotGraph,761,0,76,0,161,0,50,0,12,0
jadx-core,jadx.core.dex.visitors,ReplaceNewArray,51,343,23,39,18,81,23,13,0,5
jadx-core,jadx.core.dex.visitors,FixSwitchOverEnum,487,107,94,15,128,29,60,11,9,7
jadx-core,jadx.core.dex.visitors,ClassModifier,612,130,150,28,156,36,90,12,6,7
jadx-core,jadx.core.dex.visitors,ExtractFieldInit,907,16,170,2,225,4,108,2,22,2
jadx-core,jadx.core.dex.visitors,ProcessInstructionsVisitor,168,170,28,25,45,43,23,16,3,6
jadx-core,jadx.core.dex.visitors,AnonymousClassVisitor,230,9,38,1,62,3,23,2,3,2
jadx-core,jadx.core.dex.visitors,EnumVisitor,1615,39,287,1,390,10,182,3,36,3
jadx-core,jadx.core.dex.visitors,SignatureProcessor,645,48,89,5,159,16,63,7,17,6
jadx-core,jadx.core.dex.visitors,MarkMethodsForInline,324,24,71,3,73,9,43,4,5,3
jadx-core,jadx.core.dex.visitors,InlineMethods,309,66,38,11,67,18,26,8,5,4
jadx-core,jadx.core.dex.visitors,ProcessAnonymous,678,110,129,15,175,29,82,10,12,8
jadx-core,jadx.core.dex.visitors,OverrideMethodVisitor.SuperTypesData,15,0,0,0,6,0,3,0,3,0
jadx-core,jadx.core.dex.visitors,ShadowFieldVisitor,251,125,42,16,59,36,30,12,5,8
jadx-core,jadx.core.dex.visitors,DepthTraversal,15,41,0,4,2,12,1,5,1,3
jadx-core,jadx.core.dex.visitors,InitCodeVariables,42,196,8,28,10,64,8,21,1,10
jadx-core,jadx.core.dex.visitors,PrepareForCodeGen,355,449,70,77,84,121,53,49,6,20
jadx-core,jadx.core.dex.visitors,AttachCommentsVisitor,136,53,20,4,39,16,18,6,5,6
jadx-core,jadx.core.dex.visitors,ExtractFieldInit.ConstructorInitInfo,9,0,0,0,4,0,1,0,1,0
jadx-core,jadx.core.dex.visitors,ConstInlineVisitor,163,415,52,74,47,113,44,34,1,12
jadx-core,jadx.core.dex.visitors,AttachMethodDetails,1,48,1,7,1,12,1,7,0,4
jadx-core,jadx.core.dex.visitors,DotGraphVisitor,64,0,4,0,18,0,10,0,8,0
jadx-core,jadx.core.dex.visitors,CheckCode,70,80,20,12,15,22,13,7,1,3
jadx-core,jadx.core.dex.visitors,MethodInvokeVisitor,214,699,55,89,53,173,44,52,0,24
jadx-core,jadx.core.dex.instructions,FillArrayData,306,0,33,0,54,0,33,0,12,0
jadx-core,jadx.core.dex.instructions,IfOp,13,65,4,3,4,15,4,6,0,4
jadx-core,jadx.core.dex.instructions,InvokeNode,91,139,20,24,13,31,18,16,4,8
jadx-core,jadx.core.dex.instructions,SwitchInsn,213,170,26,20,43,43,22,19,4,14
jadx-core,jadx.core.dex.instructions,IndexInsnNode,101,15,10,0,19,5,9,3,4,3
jadx-core,jadx.core.dex.instructions,NewArrayNode,47,11,8,0,9,4,8,2,4,2
jadx-core,jadx.core.dex.instructions,GotoNode,15,17,0,0,2,6,2,3,2,3
jadx-core,jadx.core.dex.instructions,TargetInsnNode,0,8,0,0,0,4,0,3,0,3
jadx-core,jadx.core.dex.instructions,InsnDecoder,1128,545,137,37,205,114,136,46,6,19
jadx-core,jadx.core.dex.instructions,ConstStringNode,31,19,6,0,7,5,5,3,2,3
jadx-core,jadx.core.dex.instructions,FilledNewArrayNode,50,8,8,0,10,3,9,1,5,1
jadx-core,jadx.core.dex.instructions,ArithOp,2,96,1,1,1,18,1,4,0,4
jadx-core,jadx.core.dex.instructions,FillArrayInsn,78,0,6,0,20,0,13,0,10,0
jadx-core,jadx.core.dex.instructions,InvokeType,0,51,0,0,0,9,0,1,0,1
jadx-core,jadx.core.dex.instructions,InvokeCustomNode,203,0,20,0,51,0,29,0,19,0
jadx-core,jadx.core.dex.instructions,BaseInvokeNode,0,5,0,0,0,2,0,1,0,1
jadx-core,jadx.core.dex.instructions,PhiInsn,157,61,18,2,38,17,20,5,10,5
jadx-core,jadx.core.dex.instructions,IfNode,113,193,12,16,26,39,15,16,6,11
jadx-core,jadx.core.dex.instructions,InvokeCustomRawNode,130,0,12,0,31,0,17,0,11,0
jadx-core,jadx.core.dex.instructions,InvokeCustomBuilder,61,21,3,3,13,7,4,1,1,1
jadx-core,jadx.core.dex.instructions,ArithNode,213,93,28,6,37,20,23,6,5,6
jadx-core,jadx.core.dex.instructions,SwitchData,67,23,4,0,13,7,5,3,3,3
jadx-core,jadx.core.dex.instructions,InvokePolymorphicNode,127,0,10,0,29,0,12,0,7,0
jadx-core,jadx.core.dex.instructions,InsnType,0,285,0,0,0,48,0,1,0,1
jadx-core,jadx.core.dex.instructions,ConstClassNode,49,0,6,0,12,0,8,0,5,0
jadx-core,jadx.core.utils.input,InsnDataUtils,28,35,8,6,9,12,8,3,1,3
jadx-core,jadx.api.data,CommentStyle,71,0,0,0,14,0,5,0,5,0
jadx-core,jadx.api.data,CodeRefType,27,0,0,0,5,0,1,0,1,0
jadx-core,jadx.api.data,IJavaCodeRef,6,0,0,0,1,0,1,0,1,0
jadx-core,jadx.api.data,IJavaNodeRef.RefType,27,0,0,0,2,0,1,0,1,0
jadx-core,jadx.core.utils.exceptions,InvalidDataException,4,0,0,0,2,0,1,0,1,0
jadx-core,jadx.core.utils.exceptions,JadxRuntimeException,8,4,0,0,4,2,2,1,2,1
jadx-core,jadx.core.utils.exceptions,JadxException,23,0,0,0,8,0,4,0,4,0
jadx-core,jadx.core.utils.exceptions,JadxArgsValidateException,9,0,0,0,4,0,2,0,2,0
jadx-core,jadx.core.utils.exceptions,JadxOverflowException,4,0,0,0,2,0,1,0,1,0
jadx-core,jadx.core.utils.exceptions,CodegenException,33,0,0,0,12,0,6,0,6,0
jadx-core,jadx.core.utils.exceptions,DecodeException,21,0,0,0,8,0,4,0,4,0
jadx-core,jadx.core.xmlgen.entry,ValuesParser,343,0,54,0,85,0,41,0,7,0
jadx-core,jadx.core.xmlgen.entry,RawValue,22,0,0,0,7,0,4,0,4,0
jadx-core,jadx.core.xmlgen.entry,ProtoValue,44,0,0,0,18,0,11,0,11,0
jadx-core,jadx.core.xmlgen.entry,ResourceEntry,123,0,0,0,32,0,17,0,17,0
jadx-core,jadx.core.xmlgen.entry,RawNamedValue,22,0,0,0,7,0,4,0,4,0
jadx-core,jadx.core.xmlgen.entry,EntryConfig,1009,0,198,0,250,0,130,0,10,0
jadx-core,jadx.api.plugins.events.types,ReloadSettingsWindow,9,0,0,0,3,0,3,0,3,0
jadx-core,jadx.api.plugins.events.types,NodeRenamedByUser,55,0,2,0,18,0,11,0,10,0
jadx-core,jadx.api.plugins.events.types,ReloadProject,9,0,0,0,3,0,3,0,3,0
jadx-core,jadx.core.dex.visitors.shrink,CodeShrinkVisitor,232,456,78,80,59,110,59,33,4,9
jadx-core,jadx.core.dex.visitors.shrink,WrapInfo,8,15,0,0,1,6,1,3,1,3
jadx-core,jadx.core.dex.visitors.shrink,ArgsInfo,78,276,22,42,17,73,18,28,1,13
jadx-core,jadx.core.plugins.events,JadxEventsImpl,15,16,0,0,5,5,2,3,2,3
jadx-core,jadx.core.plugins.events,JadxEventsManager,45,20,4,0,9,7,6,3,4,3
jadx-core,jadx.core.plugins.events,JadxEventsManager.new ThreadFactory() {...},9,9,0,0,1,2,1,1,1,1
jadx-core,jadx.core.dex.trycatch,ExcHandlerAttr,9,11,0,0,2,5,2,3,2,3
jadx-core,jadx.core.dex.trycatch,ExceptionHandler,119,144,24,8,30,40,23,20,8,19
jadx-core,jadx.core.dex.trycatch,TryCatchBlockAttr,242,56,32,1,56,19,32,11,15,11
jadx-core,jadx.core.dex.trycatch,CatchAttr,23,25,3,1,6,9,4,5,2,5
jadx-core,jadx.core.codegen.utils,CodeGenUtils,118,163,23,17,36,45,21,14,4,11
jadx-core,jadx.core.codegen.utils,CodeComment,29,0,0,0,9,0,5,0,5,0
jadx-core,jadx.core.utils.android,AndroidResourcesMap,16,14,0,0,4,4,2,3,2,3
jadx-core,jadx.core.utils.android,ApplicationParams,55,0,0,0,18,0,10,0,10,0
jadx-core,jadx.core.utils.android,AndroidResourcesUtils,396,11,55,1,83,4,39,2,11,2
jadx-core,jadx.core.utils.android,AppAttribute,45,0,0,0,8,0,1,0,1,0
jadx-core,jadx.core.utils.android,DataInputDelegate,71,0,0,0,20,0,16,0,16,0
jadx-core,jadx.core.utils.android,TextResMapFile,83,45,2,2,17,12,4,3,3,2
jadx-core,jadx.core.utils.android,ExtDataInput,192,0,22,0,42,0,21,0,10,0
jadx-core,jadx.core.utils.android,AndroidManifestParser,464,0,64,0,119,0,49,0,17,0
jadx-core,jadx.core.utils.android,AndroidResourcesUtils.ResClsInfo,17,0,0,0,6,0,3,0,3,0
jadx-core,jadx.core.utils.android,Res9patchStreamDecoder.NinePatch,73,0,0,0,21,0,2,0,2,0
jadx-core,jadx.core.utils.android,Res9patchStreamDecoder,201,0,14,0,40,0,13,0,6,0
jadx-core,jadx.api.plugins.options,OptionDescription,4,0,0,0,2,0,2,0,2,0
jadx-core,jadx.api.plugins.options,OptionType,0,21,0,0,0,4,0,1,0,1
jadx-core,jadx.api.plugins.options,OptionFlag,0,27,0,0,0,5,0,1,0,1
jadx-core,jadx.core.dex.visitors.regions,CleanRegions,1,22,2,2,1,7,2,4,0,4
jadx-core,jadx.core.dex.visitors.regions,ReturnVisitor.ReturnRemoverVisitor,62,120,23,21,17,34,17,10,1,4
jadx-core,jadx.core.dex.visitors.regions,AbstractRegionVisitor,0,7,0,0,0,4,0,4,0,4
jadx-core,jadx.core.dex.visitors.regions,ReturnVisitor,0,12,0,2,0,4,0,3,0,2
jadx-core,jadx.core.dex.visitors.regions,CheckRegions.new AbstractRegionVisitor() {...},5,22,1,5,1,5,1,4,0,2
jadx-core,jadx.core.dex.visitors.regions,CheckRegions.new AbstractRegionVisitor() {...},0,23,0,4,0,7,0,4,0,2
jadx-core,jadx.core.dex.visitors.regions,IfRegionVisitor.RemoveRedundantElseVisitor,0,10,0,2,0,3,0,2,0,1
jadx-core,jadx.core.dex.visitors.regions,IfMakerHelper,506,434,107,73,117,114,76,32,4,14
jadx-core,jadx.core.dex.visitors.regions,IfRegionVisitor.ProcessIfRegionVisitor,0,14,0,2,0,5,0,2,0,1
jadx-core,jadx.core.dex.visitors.regions,CheckRegions,2,131,8,16,2,31,8,8,0,4
jadx-core,jadx.core.dex.visitors.regions,RegionMakerVisitor,66,89,13,7,18,25,10,8,1,7
jadx-core,jadx.core.dex.visitors.regions,LoopRegionVisitor,532,424,133,71,154,117,89,28,1,14
jadx-core,jadx.core.dex.visitors.regions,TernaryMod,520,178,106,30,141,51,64,17,3,10
jadx-core,jadx.core.dex.visitors.regions,RegionStack,30,70,3,5,6,21,5,10,2,9
jadx-core,jadx.core.dex.visitors.regions,ProcessTryCatchRegions,51,200,19,31,13,50,19,14,2,6
jadx-core,jadx.core.dex.visitors.regions,CleanRegions.RemoveRegionVisitor,2,62,1,15,1,19,1,9,0,2
jadx-core,jadx.core.dex.visitors.regions,RegionMakerVisitor.PostRegionVisitor,56,170,11,29,12,47,8,18,0,6
jadx-core,jadx.core.dex.visitors.regions,TracedRegionVisitor,0,30,0,0,0,9,0,4,0,4
jadx-core,jadx.core.dex.visitors.regions,RegionMaker,939,2014,248,274,243,487,189,116,8,35
jadx-core,jadx.core.dex.visitors.regions,IfRegionVisitor,191,174,72,32,53,52,44,18,1,9
jadx-core,jadx.core.dex.visitors.regions,RegionStack.State,8,28,0,0,1,8,1,3,1,3
jadx-core,jadx.core.dex.visitors.regions,DepthRegionTraversal,36,141,6,22,11,37,7,14,1,6
jadx-core,jadx.core.dex.nodes,RootNode,880,619,131,41,224,147,113,51,35,43
jadx-core,jadx.core.dex.nodes,IContainer,8,0,0,0,1,0,1,0,1,0
jadx-core,jadx.core.dex.nodes,ClassNode,1071,705,153,55,266,193,134,81,41,70
jadx-core,jadx.core.dex.nodes,IMethodDetails,68,2,6,0,16,1,4,1,1,1
jadx-core,jadx.core.dex.nodes,MethodNode,517,666,71,43,135,177,72,80,28,67
jadx-core,jadx.core.dex.nodes,IBlock,0,5,0,0,0,2,0,1,0,1
jadx-core,jadx.core.dex.nodes,Edge,51,15,10,0,8,6,8,3,3,3
jadx-core,jadx.core.dex.nodes,InsnContainer,17,9,0,0,5,4,3,2,3,2
jadx-core,jadx.core.dex.nodes,FieldNode,169,0,8,0,49,0,32,0,28,0
jadx-core,jadx.core.dex.nodes,LoadStage,0,21,0,0,0,4,0,1,0,1
jadx-core,jadx.core.dex.nodes,BlockNode,31,276,4,20,5,79,5,41,2,32
jadx-core,jadx.core.dex.nodes,ProcessState,1,42,1,3,0,7,1,3,0,2
jadx-core,jadx.core.dex.nodes,PackageNode,230,143,33,11,56,41,42,15,22,13
jadx-core,jadx.core.dex.nodes,InsnNode,467,489,74,71,124,136,66,60,20,33
jadx-core,jadx.core.codegen.json,JsonMappingGen,226,0,12,0,60,0,11,0,5,0
jadx-core,jadx.core.codegen.json,JsonCodeGen,534,0,44,0,130,0,34,0,12,0
